,Normal,Pathological,Suspect,accuracy,macro avg,weighted avg
precision,0.9424460431654677,0.8444444444444444,0.7857142857142857,0.9135338345864662,0.8575349244413992,0.9107353859125374
recall,0.960880195599022,0.926829268292683,0.6707317073170732,0.9135338345864662,0.8528137237362595,0.9135338345864662
f1-score,0.9515738498789347,0.8837209302325582,0.7236842105263158,0.9135338345864662,0.8529929968792697,0.9112187368480773
support,409.0,41.0,82.0,0.9135338345864662,532.0,532.0
