,Normal,Pathological,Suspect,accuracy,macro avg,weighted avg
precision,0.9508599508599509,0.9433962264150944,0.75,0.9229323308270677,0.8814187257583485,0.9232818280112224
recall,0.9532019704433498,0.9090909090909091,0.7605633802816901,0.9229323308270677,0.8742854199386496,0.9229323308270677
f1-score,0.9520295202952029,0.9259259259259259,0.7552447552447552,0.9229323308270677,0.8777334004886281,0.9230682120078119
support,406.0,55.0,71.0,0.9229323308270677,532.0,532.0
