,Normal,Pathological,Suspect,accuracy,macro avg,weighted avg
precision,0.9596199524940617,0.8823529411764706,0.8441558441558441,0.9379699248120301,0.8953762459421255,0.9368112961353608
recall,0.9734939759036144,0.8333333333333334,0.8024691358024691,0.9379699248120301,0.8697654816798056,0.9379699248120301
f1-score,0.9665071770334929,0.8571428571428571,0.8227848101265823,0.9379699248120301,0.8821449481009774,0.9372240431321345
support,415.0,36.0,81.0,0.9379699248120301,532.0,532.0
