,Normal,Pathological,Suspect,accuracy,macro avg,weighted avg
precision,0.9361702127659575,0.8857142857142857,0.7702702702702703,0.9097744360902256,0.8640515895835045,0.9074967001418769
recall,0.9542168674698795,0.8611111111111112,0.7037037037037037,0.9097744360902256,0.8396772274282315,0.9097744360902256
f1-score,0.9451073985680191,0.8732394366197183,0.7354838709677419,0.9097744360902256,0.8512769020518264,0.9083277888579414
support,415.0,36.0,81.0,0.9097744360902256,532.0,532.0
