,Normal,Pathological,Suspect,accuracy,macro avg,weighted avg
precision,0.9424242424242424,0.8571428571428571,0.7704918032786885,0.9107981220657277,0.856686300948596,0.9085735142765852
recall,0.9539877300613497,0.9375,0.6911764705882353,0.9107981220657277,0.8608880668831951,0.9107981220657277
f1-score,0.948170731707317,0.8955223880597015,0.7286821705426356,0.9107981220657277,0.8574584301032181,0.9091801937826174
support,326.0,32.0,68.0,0.9107981220657277,426.0,426.0
